<?xml version="1.0" encoding="UTF-8" standalone="yes"?>
<!--你好，世界！-->
<Phones version="1.0">
    <Phone id="1">
        <序列号>LKX7N17C23001193</序列号>
        <系统版本>8.1.0</系统版本>
        <制造商>HuaWei</制造商>
        <型号>BLA-AL00</型号>
        <屏幕大小>1080x2160</屏幕大小>
    </Phone>
	<Phone id="2">
        <序列号>4KM7N19110003074</序列号>
        <系统版本>9.1.0</系统版本>
        <制造商>HuaWei</制造商>
        <型号>LYA-TL00</型号>
        <屏幕大小>1080x2340</屏幕大小>
    </Phone>
	<Phone id="3">
        <序列号>RKK0218305002430</序列号>
        <系统版本>9.1.0</系统版本>
        <制造商>HuaWei</制造商>
        <型号>BLK-AL00</型号>
        <屏幕大小>1080x2160</屏幕大小>
    </Phone>
	<Phone id="4">
        <序列号>66J0218C21005830</序列号>
        <系统版本>9.1.0</系统版本>
        <制造商>HuaWei</制造商>
        <型号>HMA-AL00</型号>
        <屏幕大小>1080x2244</屏幕大小>
    </Phone>
</Phones>
